{"assets/data/category.json":["assets/data/category.json"],"assets/data/quiz.json":["assets/data/quiz.json"],"assets/fonts/BalooDa2-Bold.ttf":["assets/fonts/BalooDa2-Bold.ttf"],"assets/fonts/BalooDa2-Medium.ttf":["assets/fonts/BalooDa2-Medium.ttf"],"assets/fonts/BalooDa2-Regular.ttf":["assets/fonts/BalooDa2-Regular.ttf"],"assets/icons/back.png":["assets/icons/back.png"],"assets/icons/category/Bible.png":["assets/icons/category/Bible.png"],"assets/icons/category/Divers.png":["assets/icons/category/Divers.png"],"assets/icons/category/Youcat.png":["assets/icons/category/Youcat.png"],"assets/icons/category/YoucatConfirmation.png":["assets/icons/category/YoucatConfirmation.png"],"assets/icons/icon.png":["assets/icons/icon.png"],"assets/icons/menu.png":["assets/icons/menu.png"],"assets/images/Common.bg.png":["assets/images/Common.bg.png"],"assets/images/QuizResultBadge.png":["assets/images/QuizResultBadge.png"],"assets/images/SplashScreen.bg.png":["assets/images/SplashScreen.bg.png"],"assets/images/SplashScreen.shape.png":["assets/images/SplashScreen.shape.png"],"packages/cupertino_icons/assets/CupertinoIcons.ttf":["packages/cupertino_icons/assets/CupertinoIcons.ttf"]}